1,&,000-001,&,基隆端-基隆交,&,Keelung End-Keelung Interchange,&,KL End.-KL Int.,\\,KL End.-KL Int.(001),KL End.-KL Int.(000-001),,基隆端-基隆交(000-001)
2,&,001-002,&,基隆交-八堵交,&,Keelung Interchange-Badu Interchange,&,KL Int.-BD Int.,\\,KL Int.-BD Int.(002),KL Int.-BD Int.(001-002),,基隆交-八堵交(001-002)
3,&,002-003,&,八堵交-大華系統(出),&,Badu Interchange-Dahua Junction(out),&,BD Int.-DH Jun.(out),\\,BD Int.-DH Jun.(out)(003),BD Int.-DH Jun.(out)(002-003),,八堵交-大華系統(出)(002-003)
4,&,003-004,&,八堵交-大華系統,&,Badu Interchange-Dahua Junction,&,BD Int.-DH Jun.,\\,BD Int.-DH Jun.(004),BD Int.-DH Jun.(003-004),,八堵交-大華系統(003-004)
5,&,004-005,&,八堵交-大華系統(入),&,Badu Interchange-Dahua Junction(in),&,BD Int.-DH Jun.(in),\\,BD Int.-DH Jun.(in)(005),BD Int.-DH Jun.(in)(004-005),,八堵交-大華系統(入)(004-005)
6,&,005-006,&,大華系統-五堵交,&,Dahua Junction-Wudu Interchange,&,DH Jun.-WD Int.,\\,DH Jun.-WD Int.(006),DH Jun.-WD Int.(005-006),,大華系統-五堵交(005-006)
7,&,006-007,&,五堵交-汐止交(出),&,Wudu Interchange-Xizhi Interchange(out),&,WD Int.-XZ Int.(out),\\,WD Int.-XZ Int.(out)(007),WD Int.-XZ Int.(out)(006-007),,五堵交-汐止交(出)(006-007)
8,&,007-009,&,五堵交-汐止交,&,Wudu Interchange-Xizhi Interchange,&,WD Int.-XZ Int.,\\,WD Int.-XZ Int.(008),WD Int.-XZ Int.(007-009),,五堵交-汐止交(007-009)
9,&,009-010,&,五堵交-汐止交(入),&,Wudu Interchange-Xizhi Interchange(in),&,WD Int.-XZ Int.(in),\\,WD Int.-XZ Int.(in)(009),WD Int.-XZ Int.(in)(009-010),,五堵交-汐止交(入)(009-010)
10,&,010-011,&,汐止交-汐止系統,&,Xizhi Interchange-Xizhi Junction,&,XZ Int.-XZ Jun.,\\,XZ Int.-XZ Jun.(010),XZ Int.-XZ Jun.(010-011),,汐止交-汐止系統(010-011)
11,&,011-012,&,汐止系統-汐止高架(出),&,Xizhi Junction-Xizhi Viaduct(out),&,XZ Jun.-XZ Via.(out),\\,XZ Jun.-XZ Via.(out)(011),XZ Jun.-XZ Via.(out)(011-012),,汐止系統-汐止高架(出)(011-012)
12,&,012-013,&,汐止系統-汐止高架(入),&,Xizhi Junction-Xizhi Viaduct(in),&,XZ Jun.-XZ Via.(in),\\,XZ Jun.-XZ Via.(in)(012),XZ Jun.-XZ Via.(in)(012-013),,汐止系統-汐止高架(入)(012-013)
13,&,013-014,&,汐止高架-東湖交(出),&,Xizhi Viaduct-Donghu Interchange(out),&,XZ Via.-DHu Int.(out),\\,XZ Via.-DHu Int.(out)(013),XZ Via.-DHu Int.(out)(013-014),,汐止高架-東湖交(出)(013-014)
14,&,014-015,&,汐止高架-東湖交(入),&,Xizhi Viaduct-Donghu Interchange(in),&,XZ Via.-DHu Int.(in),\\,XZ Via.-DHu Int.(in)(014),XZ Via.-DHu Int.(in)(014-015),,汐止高架-東湖交(入)(014-015)
15,&,015-016,&,東湖交-內湖交(出),&,Donghu Interchange-Neihu Interchange(out),&,DHu Int.-NHu Int.(out),\\,DHu Int.-NHu Int.(out)(015),DHu Int.-NHu Int.(out)(015-016),,東湖交-內湖交(出)(015-016)
16,&,016-017,&,東湖交-內湖交(入),&,Donghu Interchange-Neihu Interchange(in),&,DHu Int.-NHu Int.(in),\\,DHu Int.-NHu Int.(in)(016),DHu Int.-NHu Int.(in)(016-017),,東湖交-內湖交(入)(016-017)
17,&,017-018,&,內湖交-圓山交(出),&,Neihu Interchange-Yuanshan Interchange(out),&,NHu Int.-YS Int.(out),\\,NHu Int.-YS Int.(out)(017),NHu Int.-YS Int.(out)(017-018),,內湖交-圓山交(出)(017-018)
18,&,018-022,&,內湖交-圓山交,&,Neihu Interchange-Yuanshan Interchange,&,NHu Int.-YS Int.,\\,NHu Int.-YS Int.(018),NHu Int.-YS Int.(018-022),,內湖交-圓山交(018-022)
19,&,022-023,&,內湖交-圓山交(入),&,Neihu Interchange-Yuanshan Interchange(in),&,NHu Int.-YS Int.(in),\\,NHu Int.-YS Int.(in)(019),NHu Int.-YS Int.(in)(022-023),,內湖交-圓山交(入)(022-023)
20,&,023-024,&,圓山交-台北交(出),&,Yuanshan Interchange-Taipei Interchange(out),&,YS Int.-TP Int.(out),\\,YS Int.-TP Int.(out)(020),YS Int.-TP Int.(out)(023-024),,圓山交-台北交(出)(023-024)
21,&,024-025,&,圓山交-台北交(入),&,Yuanshan Interchange-Taipei Interchange(in),&,YS Int.-TP Int.(in),\\,YS Int.-TP Int.(in)(021),YS Int.-TP Int.(in)(024-025),,圓山交-台北交(入)(024-025)
22,&,025-026,&,台北交-三重交(出),&,Taipei Interchange-Sanchong Interchange(out),&,TP Int.-SC Int.(out),\\,TP Int.-SC Int.(out)(022),TP Int.-SC Int.(out)(025-026),,台北交-三重交(出)(025-026)
23,&,026-027,&,台北交-三重交(入),&,Taipei Interchange-Sanchong Interchange(in),&,TP Int.-SC Int.(in),\\,TP Int.-SC Int.(in)(023),TP Int.-SC Int.(in)(026-027),,台北交-三重交(入)(026-027)
24,&,027-028,&,三重交-五股轉接道(出),&,Sanchong Interchange-Wugu Transition(out),&,SC Int.-WG Tra.(out),\\,SC Int.-WG Tra.(out)(024),SC Int.-WG Tra.(out)(027-028),,三重交-五股轉接道(出)(027-028)
25,&,028-031,&,三重交-五股轉接道,&,Sanchong Interchange-Wugu Transition,&,SC Int.-WG Tra.,\\,SC Int.-WG Tra.(025),SC Int.-WG Tra.(028-031),,三重交-五股轉接道(028-031)
26,&,031-032,&,三重交-五股轉接道(入),&,Sanchong Interchange-Wugu Transition(in),&,SC Int.-WG Tra.(in),\\,SC Int.-WG Tra.(in)(026),SC Int.-WG Tra.(in)(031-032),,三重交-五股轉接道(入)(031-032)
27,&,032-033,&,五股轉接道-五股交,&,Wugu Transition-Wugu Interchange,&,WG Tra.-WG Int.,\\,WG Tra.-WG Int.(027),WG Tra.-WG Int.(032-033),,五股轉接道-五股交(032-033)
28,&,033-034,&,五股交-泰山轉接道(出),&,Wugu Interchange-TaishanTransition(out),&,WG Int.-TS Tra.(out),\\,WG Int.-TS Tra.(out)(028),WG Int.-TS Tra.(out)(033-034),,五股交-泰山轉接道(出)(033-034)
29,&,034-035,&,五股交-泰山轉接道(入),&,Wugu Interchange-TaishanTransition(in),&,WG Int.-TS Tra.(in),\\,WG Int.-TS Tra.(in)(029),WG Int.-TS Tra.(in)(034-035),,五股交-泰山轉接道(入)(034-035)
30,&,035-036,&,泰山轉接道-林口交(出),&,TaishanTransition-Linkou Interchange(out),&,TS Tra.-LK Int.(out),\\,TS Tra.-LK Int.(out)(030),TS Tra.-LK Int.(out)(035-036),,泰山轉接道-林口交(出)(035-036)
31,&,036-040,&,泰山轉接道-林口交,&,TaishanTransition-Linkou Interchange,&,TS Tra.-LK Int.,\\,TS Tra.-LK Int.(031),TS Tra.-LK Int.(036-040),,泰山轉接道-林口交(036-040)
32,&,040-041,&,泰山轉接道-林口交(入),&,TaishanTransition-Linkou Interchange(in),&,TS Tra.-LK Int.(in),\\,TS Tra.-LK Int.(in)(032),TS Tra.-LK Int.(in)(040-041),,泰山轉接道-林口交(入)(040-041)
33,&,041-042,&,林口交-桃園交(出),&,Linkou Interchange-Taoyuan Interchange(out),&,LK Int.-TY Int.(out),\\,LK Int.-TY Int.(out)(033),LK Int.-TY Int.(out)(041-042),,林口交-桃園交(出)(041-042)
34,&,042-048,&,林口交-桃園交,&,Linkou Interchange-Taoyuan Interchange,&,LK Int.-TY Int.,\\,LK Int.-TY Int.(034),LK Int.-TY Int.(042-048),,林口交-桃園交(042-048)
35,&,048-049,&,林口交-桃園交(入),&,Linkou Interchange-Taoyuan Interchange(in),&,LK Int.-TY Int.(in),\\,LK Int.-TY Int.(in)(035),LK Int.-TY Int.(in)(048-049),,林口交-桃園交(入)(048-049)
36,&,049-050,&,桃園交-機場系統(出),&,Taoyuan Interchange-Taoyuan Airport Junction(out),&,TY Int.-TY A. Jun.(out),\\,TY Int.-TY A. Jun.(out)(036),TY Int.-TY A. Jun.(out)(049-050),,桃園交-機場系統(出)(049-050)
37,&,050-051,&,桃園交-機場系統,&,Taoyuan Interchange-Taoyuan Airport Junction,&,TY Int.-TY A. Jun.,\\,TY Int.-TY A. Jun.(037),TY Int.-TY A. Jun.(050-051),,桃園交-機場系統(050-051)
38,&,051-052,&,桃園交-機場系統(入),&,Taoyuan Interchange-Taoyuan Airport Junction(in),&,TY Int.-TY A Jun.(in),\\,TY Int.-TY A Jun.(in)(038),TY Int.-TY A Jun.(in)(051-052),,桃園交-機場系統(入)(051-052)
39,&,052-053,&,機場系統-中壢服務區 (出),&,Taoyuan Airport Junction-Zhongli Service Area(out),&,TY A. Jun-ZL S. A.(out),\\,TY A. Jun-ZL S. A.(out)(039),TY A. Jun-ZL S. A.(out)(052-053),,機場系統-中壢服務區 (出)(052-053)
40,&,053-054,&,機場系統-中壢服務區 ,&,Taoyuan Airport Junction-Zhongli Service Area,&,TY A. Jun-ZL S. A.,\\,TY A. Jun-ZL S. A.(040),TY A. Jun-ZL S. A.(053-054),,機場系統-中壢服務區 (053-054)
41,&,054-055,&,機場系統-中壢服務區 (入),&,Taoyuan Airport Junction-Zhongli Service Area(in),&,TY A. Jun.-ZL S. A.(in),\\,TY A. Jun.-ZL S. A.(in)(041),TY A. Jun.-ZL S. A.(in)(054-055),,機場系統-中壢服務區 (入)(054-055)
42,&,055-056,&,中壢服務區 -內壢交(出),&,Zhongli Service Area-Neili Interchange(out),&,ZL S. A.-NL Int.(out),\\,ZL S. A.-NL Int.(out)(042),ZL S. A.-NL Int.(out)(055-056),,中壢服務區 -內壢交(出)(055-056)
43,&,056-057,&,中壢服務區 -內壢交(入),&,Zhongli Service Area-Neili Interchange(in),&,ZL S. A.-NL Int.(in),\\,ZL S. A.-NL Int.(in)(043),ZL S. A.-NL Int.(in)(056-057),,中壢服務區 -內壢交(入)(056-057)
44,&,057-058,&,內壢交-中壢轉接道(出),&,Neili Interchange-ZhongliTransition(out),&,NL Int.-ZLTra.(out),\\,NL Int.-ZLTra.(out)(044),NL Int.-ZLTra.(out)(057-058),,內壢交-中壢轉接道(出)(057-058)
45,&,058-059,&,內壢交-中壢轉接道(入),&,Neili Interchange-ZhongliTransition(in),&,NL Int.-ZLTra.(in),\\,NL Int.-ZLTra.(in)(045),NL Int.-ZLTra.(in)(058-059),,內壢交-中壢轉接道(入)(058-059)
46,&,059-060,&,中壢轉接道-中壢交(出),&,ZhongliTransition-Zhongli Interchange(out),&,ZLTra.-ZL Int.(out),\\,ZLTra.-ZL Int.(out)(046),ZLTra.-ZL Int.(out)(059-060),,中壢轉接道-中壢交(出)(059-060)
47,&,060-061,&,中壢轉接道-中壢交,&,ZhongliTransition-Zhongli Interchange,&,ZL Tra.-ZL Int.,\\,ZL Tra.-ZL Int.(047),ZL Tra.-ZL Int.(060-061),,中壢轉接道-中壢交(060-061)
48,&,061-062,&,中壢轉接道-中壢交(入),&,ZhongliTransition-Zhongli Interchange(in),&,ZL Tra.-ZL Int.(in),\\,ZL Tra.-ZL Int.(in)(048),ZL Tra.-ZL Int.(in)(061-062),,中壢轉接道-中壢交(入)(061-062)
49,&,062-063,&,中壢交-平鎮系統(出),&,Zhongli Interchange-Pingzhen Junction(out),&,ZL Int.-PZ Jun.(out),\\,ZL Int.-PZ Jun.(out)(049),ZL Int.-PZ Jun.(out)(062-063),,中壢交-平鎮系統(出)(062-063)
50,&,063-064,&,中壢交-平鎮系統,&,Zhongli Interchange-Pingzhen Junction,&,ZL Int.-PZ Jun.,\\,ZL Int.-PZ Jun.(050),ZL Int.-PZ Jun.(063-064),,中壢交-平鎮系統(063-064)
51,&,064-065,&,中壢交-平鎮系統(入),&,Zhongli Interchange-Pingzhen Junction(in),&,ZL Int.-PZ Jun.(in),\\,ZL Int.-PZ Jun.(in)(051),ZL Int.-PZ Jun.(in)(064-065),,中壢交-平鎮系統(入)(064-065)
52,&,065-066,&,平鎮系統-幼獅交(出),&,Pingzhen Junction-Youshih Interchange(out),&,PZ Jun.-YoS Int.(out),\\,PZ Jun.-YoS Int.(out)(052),PZ Jun.-YoS Int.(out)(065-066),,平鎮系統-幼獅交(出)(065-066)
53,&,066-067,&,平鎮系統-幼獅交(入),&,Pingzhen Junction-Youshih Interchange(in),&,PZ Jun.-YoS Int.(in),\\,PZ Jun.-YoS Int.(in)(053),PZ Jun.-YoS Int.(in)(066-067),,平鎮系統-幼獅交(入)(066-067)
54,&,067-068,&,幼獅交-楊梅交(出),&,Youshih Interchange-Yangmei Interchange(out),&,YoS Int.-YM Int.(out),\\,YoS Int.-YM Int.(out)(054),YoS Int.-YM Int.(out)(067-068),,幼獅交-楊梅交(出)(067-068)
55,&,068-069,&,幼獅交-楊梅交(入),&,Youshih Interchange-Yangmei Interchange(in),&,YoS Int.-YM Int.(in),\\,YoS Int.-YM Int.(in)(055),YoS Int.-YM Int.(in)(068-069),,幼獅交-楊梅交(入)(068-069)
56,&,069-070,&,楊梅交-楊梅高架(出),&,Yangmei Interchange-Yangmei Viaduct(out),&,YM Int.-YM Via.(out),\\,YM Int.-YM Via.(out)(056),YM Int.-YM Via.(out)(069-070),,楊梅交-楊梅高架(出)(069-070)
57,&,070-071,&,楊梅交-楊梅高架(入),&,Yangmei Interchange-Yangmei Viaduct(in),&,YM Int.-YM Via.(in),\\,YM Int.-YM Via.(in)(057),YM Int.-YM Via.(in)(070-071),,楊梅交-楊梅高架(入)(070-071)
58,&,071-072,&,楊梅高架-湖口交(出),&,Yangmei Viaduct-Hukou Interchange(out),&,YM Via.-HK Int.(out),\\,YM Via.-HK Int.(out)(058),YM Via.-HK Int.(out)(071-072),,楊梅高架-湖口交(出)(071-072)
59,&,072-082,&,楊梅高架-湖口交,&,Yangmei Viaduct-Hukou Interchange,&,YM Via.-HK Int.,\\,YM Via.-HK Int.(059),YM Via.-HK Int.(072-082),,楊梅高架-湖口交(072-082)
60,&,082-083,&,楊梅高架-湖口交(入),&,Yangmei Viaduct-Hukou Interchange(in),&,YM Via.-HK Int.(in),\\,YM Via.-HK Int.(in)(060),YM Via.-HK Int.(in)(082-083),,楊梅高架-湖口交(入)(082-083)
61,&,083-084,&,湖口交-湖口服務區(出),&,Hukou Interchange-Hukou Service Area(out),&,HK Int.-HK S. A.(out),\\,HK Int.-HK S. A.(out)(061),HK Int.-HK S. A.(out)(083-084),,湖口交-湖口服務區(出)(083-084)
62,&,084-085,&,湖口交-湖口服務區,&,Hukou Interchange-Hukou Service Area,&,HK Int.-HK S. A.,\\,HK Int.-HK S. A.(062),HK Int.-HK S. A.(084-085),,湖口交-湖口服務區(084-085)
63,&,085-086,&,湖口交-湖口服務區(入),&,Hukou Interchange-Hukou Service Area(in),&,HK Int.-HK S. A.(in),\\,HK Int.-HK S. A.(in)(063),HK Int.-HK S. A.(in)(085-086),,湖口交-湖口服務區(入)(085-086)
64,&,086-087,&,湖口服務區-竹北交(出),&,Hukou Service Area-Zhubei Interchange(out),&,HK S. A.-ZB Int.(out),\\,HK S. A.-ZB Int.(out)(064),HK S. A.-ZB Int.(out)(086-087),,湖口服務區-竹北交(出)(086-087)
65,&,087-090,&,湖口服務區-竹北交,&,Hukou Service Area-Zhubei Interchange,&,HK S. A.-ZB Int.,\\,HK S. A.-ZB Int.(065),HK S. A.-ZB Int.(087-090),,湖口服務區-竹北交(087-090)
66,&,090-091,&,湖口服務區-竹北交(入),&,Hukou Service Area-Zhubei Interchange(in),&,HK S. A.-ZB Int.(in),\\,HK S. A.-ZB Int.(in)(066),HK S. A.-ZB Int.(in)(090-091),,湖口服務區-竹北交(入)(090-091)
67,&,091-092,&,竹北交 -新竹交(出),&,Zhubei Interchange-Hsinchu Interchange(out),&,ZB Int.-HC Int.(out),\\,ZB Int.-HC Int.(out)(067),ZB Int.-HC Int.(out)(091-092),,竹北交 -新竹交(出)(091-092)
68,&,092-094,&,竹北交 -新竹交,&,Zhubei Interchange-Hsinchu Interchange,&,ZB Int.-HC Int.,\\,ZB Int.-HC Int.(068),ZB Int.-HC Int.(092-094),,竹北交 -新竹交(092-094)
69,&,094-095,&,竹北交 -新竹交(入),&,Zhubei Interchange-Hsinchu Interchange(in),&,ZB Int.-HC Int.(in),\\,ZB Int.-HC Int.(in)(069),ZB Int.-HC Int.(in)(094-095),,竹北交 -新竹交(入)(094-095)
70,&,095-096,&,新竹交-新竹系統(出),&,Hsinchu Interchange-Hsinchu Junction(out),&,HC Int.-HC Jun.(out),\\,HC Int.-HC Jun.(out)(070),HC Int.-HC Jun.(out)(095-096),,新竹交-新竹系統(出)(095-096)
71,&,096-098,&,新竹交-新竹系統,&,Hsinchu Interchange-Hsinchu Junction,&,HC Int.-HC Jun.,\\,HC Int.-HC Jun.(071),HC Int.-HC Jun.(096-098),,新竹交-新竹系統(096-098)
72,&,098-099,&,新竹交-新竹系統(入),&,Hsinchu Interchange-Hsinchu Junction(in),&,HC Int.-HC Jun.(in),\\,HC Int.-HC Jun.(in)(072),HC Int.-HC Jun.(in)(098-099),,新竹交-新竹系統(入)(098-099)
73,&,099-100,&,新竹系統-頭份交(出),&,Hsinchu Junction-Toufen Interchange(out),&,HC Jun.-TF Int.(out),\\,HC Jun.-TF Int.(out)(073),HC Jun.-TF Int.(out)(099-100),,新竹系統-頭份交(出)(099-100)
74,&,100-109,&,新竹系統-頭份交,&,Hsinchu Junction-Toufen Interchange,&,HC Jun.-TF Int.,\\,HC Jun.-TF Int.(074),HC Jun.-TF Int.(100-109),,新竹系統-頭份交(100-109)
75,&,109-110,&,新竹系統-頭份交(入),&,Hsinchu Junction-Toufen Interchange(in),&,HC Jun.-TF Int.(in),\\,HC Jun.-TF Int.(in)(075),HC Jun.-TF Int.(in)(109-110),,新竹系統-頭份交(入)(109-110)
76,&,110-111,&,頭份交-頭屋交(出),&,Toufen Interchange-Touwu Interchange(out),&,TF Int.-TW Int.(out),\\,TF Int.-TW Int.(out)(076),TF Int.-TW Int.(out)(110-111),,頭份交-頭屋交(出)(110-111)
77,&,111-124,&,頭份交-頭屋交,&,Toufen Interchange-Touwu Interchange,&,TF Int.-TW Int.,\\,TF Int.-TW Int.(077),TF Int.-TW Int.(111-124),,頭份交-頭屋交(111-124)
78,&,124-125,&,頭份交-頭屋交(入),&,Toufen Interchange-Touwu Interchange(in),&,TF Int.-TW Int.(in),\\,TF Int.-TW Int.(in)(078),TF Int.-TW Int.(in)(124-125),,頭份交-頭屋交(入)(124-125)
79,&,125-126,&,頭屋交-苗栗交(出),&,Touwu Interchange-Miaoli Interchange(out),&,TW Int.-ML Int.(out),\\,TW Int.-ML Int.(out)(079),TW Int.-ML Int.(out)(125-126),,頭屋交-苗栗交(出)(125-126)
80,&,126-131,&,頭屋交-苗栗交,&,Touwu Interchange-Miaoli Interchange,&,TW Int.-ML Int.,\\,TW Int.-ML Int.(080),TW Int.-ML Int.(126-131),,頭屋交-苗栗交(126-131)
81,&,131-132,&,頭屋交-苗栗交(入),&,Touwu Interchange-Miaoli Interchange(in),&,TW Int.-ML Int.(in),\\,TW Int.-ML Int.(in)(081),TW Int.-ML Int.(in)(131-132),,頭屋交-苗栗交(入)(131-132)
82,&,132-133,&,苗栗交-銅鑼交(出),&,Miaoli Interchange-Tongluo Interchange(out),&,ML Int.-TL Int.(out),\\,ML Int.-TL Int.(out)(082),ML Int.-TL Int.(out)(132-133),,苗栗交-銅鑼交(出)(132-133)
83,&,133-139,&,苗栗交-銅鑼交,&,Miaoli Interchange-Tongluo Interchange,&,ML Int.-TL Int.,\\,ML Int.-TL Int.(083),ML Int.-TL Int.(133-139),,苗栗交-銅鑼交(133-139)
84,&,139-140,&,苗栗交-銅鑼交(入),&,Miaoli Interchange-Tongluo Interchange(in),&,ML Int.-TL Int.(in),\\,ML Int.-TL Int.(in)(084),ML Int.-TL Int.(in)(139-140),,苗栗交-銅鑼交(入)(139-140)
85,&,140-141,&,銅鑼交-三義交(出),&,Tongluo Interchange-Sanyi Interchange(out),&,TL Int.-SY Int.(out),\\,TL Int.-SY Int.(out)(085),TL Int.-SY Int.(out)(140-141),,銅鑼交-三義交(出)(140-141)
86,&,141-149,&,銅鑼交-三義交,&,Tongluo Interchange-Sanyi Interchange,&,TL Int.-SY Int.,\\,TL Int.-SY Int.(086),TL Int.-SY Int.(141-149),,銅鑼交-三義交(141-149)
87,&,149-150,&,銅鑼交-三義交(入),&,Tongluo Interchange-Sanyi Interchange(in),&,TL Int.-SY Int.(in),\\,TL Int.-SY Int.(in)(087),TL Int.-SY Int.(in)(149-150),,銅鑼交-三義交(入)(149-150)
88,&,150-151,&,三義交-泰安服務區(出),&,Sanyi Interchange-Tai'an Service Area(out),&,SY Int.-Tai'an S. A.(out),\\,SY Int.-Tai'an S. A.(out)(088),SY Int.-Tai'an S. A.(out)(150-151),,三義交-泰安服務區(出)(150-151)
89,&,151-158,&,三義交-泰安服務區,&,Sanyi Interchange-Tai'an Service Area,&,SY Int.-Tai'an S. A.,\\,SY Int.-Tai'an S. A.(089),SY Int.-Tai'an S. A.(151-158),,三義交-泰安服務區(151-158)
90,&,158-159,&,三義交-泰安服務區(入),&,Sanyi Interchange-Tai'an Service Area(in),&,SY Int.-Tai'an S. A.(in),\\,SY Int.-Tai'an S. A.(in)(090),SY Int.-Tai'an S. A.(in)(158-159),,三義交-泰安服務區(入)(158-159)
91,&,159-160,&,泰安服務區-后里交,&,Tai'an Service Area-Houli Interchange,&,Tai'an S. A.-HL Int.,\\,Tai'an S. A.-HL Int.(091),Tai'an S. A.-HL Int.(159-160),,泰安服務區-后里交(159-160)
92,&,160-161,&,后里交-台中系統(出),&,Houli Interchange-Taichung Junction(out),&,HL Int.-TC Jun.(out),\\,HL Int.-TC Jun.(out)(092),HL Int.-TC Jun.(out)(160-161),,后里交-台中系統(出)(160-161)
93,&,161-164,&,后里交-台中系統,&,Houli Interchange-Taichung Junction,&,HL Int.-TC Jun.,\\,HL Int.-TC Jun.(093),HL Int.-TC Jun.(161-164),,后里交-台中系統(161-164)
94,&,164-165,&,后里交-台中系統(入),&,Houli Interchange-Taichung Junction(in),&,HL Int.-TC Jun.(in),\\,HL Int.-TC Jun.(in)(094),HL Int.-TC Jun.(in)(164-165),,后里交-台中系統(入)(164-165)
95,&,165-166,&,台中系統 -豐原交(出),&,Taichung Junction-Fengyuan Interchange(out),&,TC Jun.-FY Int.(out),\\,TC Jun.-FY Int.(out)(095),TC Jun.-FY Int.(out)(165-166),,台中系統 -豐原交(出)(165-166)
96,&,166-167,&,台中系統 -豐原交,&,Taichung Junction-Fengyuan Interchange,&,TC Jun.-FY Int.,\\,TC Jun.-FY Int.(096),TC Jun.-FY Int.(166-167),,台中系統 -豐原交(166-167)
97,&,167-168,&,台中系統 -豐原交(入),&,Taichung Junction-Fengyuan Interchange(in),&,TC Jun.-FY Int.(in),\\,TC Jun.-FY Int.(in)(097),TC Jun.-FY Int.(in)(167-168),,台中系統 -豐原交(入)(167-168)
98,&,168-169,&,豐原交 -大雅交(出),&,Fengyuan Interchange-Daya Interchange(out),&,FY Int.-DY Int.(out),\\,FY Int.-DY Int.(out)(098),FY Int.-DY Int.(out)(168-169),,豐原交 -大雅交(出)(168-169)
99,&,169-173,&,豐原交 -大雅交,&,Fengyuan Interchange-Daya Interchange,&,FY Int.-DY Int.,\\,FY Int.-DY Int.(099),FY Int.-DY Int.(169-173),,豐原交 -大雅交(169-173)
100,&,173-174,&,豐原交 -大雅交(入),&,Fengyuan Interchange-Daya Interchange(in),&,FY Int.-DY Int.(in),\\,FY Int.-DY Int.(in)(100),FY Int.-DY Int.(in)(173-174),,豐原交 -大雅交(入)(173-174)
101,&,174-175,&,大雅交-台中交(出),&,Daya Interchange-Taichung Interchange(out),&,DY Int.-TC Int.(out),\\,DY Int.-TC Int.(out)(101),DY Int.-TC Int.(out)(174-175),,大雅交-台中交(出)(174-175)
102,&,175-177,&,大雅交-台中交,&,Daya Interchange-Taichung Interchange,&,DY Int.-TC Int.,\\,DY Int.-TC Int.(102),DY Int.-TC Int.(175-177),,大雅交-台中交(175-177)
103,&,177-178,&,大雅交-台中交(入),&,Daya Interchange-Taichung Interchange(in),&,DY Int.-TC Int.(in),\\,DY Int.-TC Int.(in)(103),DY Int.-TC Int.(in)(177-178),,大雅交-台中交(入)(177-178)
104,&,178-179,&,台中交-南屯交(出),&,Taichung Interchange-Nantun Interchange(out),&,TC Int.-NC Int.(out),\\,TC Int.-NC Int.(out)(104),TC Int.-NC Int.(out)(178-179),,台中交-南屯交(出)(178-179)
105,&,179-180,&,台中交-南屯交,&,Taichung Interchange-Nantun Interchange,&,TC Int.-NC Int.,\\,TC Int.-NC Int.(105),TC Int.-NC Int.(179-180),,台中交-南屯交(179-180)
106,&,180-181,&,台中交-南屯交(入),&,Taichung Interchange-Nantun Interchange(in),&,Taichung Int.-NC Int.(in),\\,Taichung Int.-NC Int.(in)(106),Taichung Int.-NC Int.(in)(180-181),,台中交-南屯交(入)(180-181)
107,&,181-182,&,南屯交-王田交(出),&,Nantun Interchange-Wangtian Interchange(out),&,NC Int.-WT Int.(out),\\,NC Int.-WT Int.(out)(107),NC Int.-WT Int.(out)(181-182),,南屯交-王田交(出)(181-182)
108,&,182-188,&,南屯交-王田交,&,Nantun Interchange-Wangtian Interchange,&,NC Int.-WT Int.,\\,NC Int.-WT Int.(108),NC Int.-WT Int.(182-188),,南屯交-王田交(182-188)
109,&,188-189,&,南屯交-王田交(入),&,Nantun Interchange-Wangtian Interchange(in),&,NC Int.-WT Int.(in),\\,NC Int.-WT Int.(in)(109),NC Int.-WT Int.(in)(188-189),,南屯交-王田交(入)(188-189)
110,&,189-190,&,王田交-彰化系統(出),&,Wangtian Interchange-Changhua Junction(out),&,WT Int.-CH Jun.(out),\\,WT Int.-CH Jun.(out)(110),WT Int.-CH Jun.(out)(189-190),,王田交-彰化系統(出)(189-190)
111,&,190-191,&,王田交-彰化系統,&,Wangtian Interchange-Changhua Junction,&,WT Int.-CH Jun.,\\,WT Int.-CH Jun.(111),WT Int.-CH Jun.(190-191),,王田交-彰化系統(190-191)
112,&,191-192,&,王田交-彰化系統(入),&,Wangtian Interchange-Changhua Junction(in),&,WT Int.-CH Jun.(in),\\,WT Int.-CH Jun.(in)(112),WT Int.-CH Jun.(in)(191-192),,王田交-彰化系統(入)(191-192)
113,&,192-193,&,彰化系統-彰化交 (出),&,Changhua Junction-Changhua Interchange(out),&,CH Jun.-CH Int.(out),\\,CH Jun.-CH Int.(out)(113),CH Jun.-CH Int.(out)(192-193),,彰化系統-彰化交 (出)(192-193)
114,&,193-197,&,彰化系統-彰化交 ,&,Changhua Junction-Changhua Interchange,&,CH Jun.-CH Int.,\\,CH Jun.-CH Int.(114),CH Jun.-CH Int.(193-197),,彰化系統-彰化交 (193-197)
115,&,197-198,&,彰化系統-彰化交 (入),&,Changhua Junction-Changhua Interchange(in),&,CH Jun.-CH Int.(in),\\,CH Jun.-CH Int.(in)(115),CH Jun.-CH Int.(in)(197-198),,彰化系統-彰化交 (入)(197-198)
116,&,198-199,&,彰化交 -埔鹽系統(出),&,Changhua Interchange-Puyan Junction(out),&,CH Int.-PY Jun.(out),\\,CH Int.-PY Jun.(out)(116),CH Int.-PY Jun.(out)(198-199),,彰化交 -埔鹽系統(出)(198-199)
117,&,199-206,&,彰化交 -埔鹽系統,&,Changhua Interchange-Puyan Junction,&,CH Int.-PY Jun.,\\,CH Int.-PY Jun.(117),CH Int.-PY Jun.(199-206),,彰化交 -埔鹽系統(199-206)
118,&,206-207,&,彰化交 -埔鹽系統(入),&,Changhua Interchange-Puyan Junction(in),&,CH Int.-PY Jun.(in),\\,CH Int.-PY Jun.(in)(118),CH Int.-PY Jun.(in)(206-207),,彰化交 -埔鹽系統(入)(206-207)
119,&,207-208,&,埔鹽系統-員林交(出),&,Puyan Junction-Yuanlin Interchange(out),&,PY Jun.-YaL Int.(out),\\,PY Jun.-YaL Int.(out)(119),PY Jun.-YaL Int.(out)(207-208),,埔鹽系統-員林交(出)(207-208)
120,&,208-210,&,埔鹽系統-員林交,&,Puyan Junction-Yuanlin Interchange,&,PY Jun.-YaL Int.,\\,PY Jun.-YaL Int.(120),PY Jun.-YaL Int.(208-210),,埔鹽系統-員林交(208-210)
121,&,210-211,&,埔鹽系統-員林交(入),&,Puyan Junction-Yuanlin Interchange(in),&,PY Jun.-YaL Int.(in),\\,PY Jun.-YaL Int.(in)(121),PY Jun.-YaL Int.(in)(210-211),,埔鹽系統-員林交(入)(210-211)
122,&,211-212,&,員林交-北斗交(出),&,Yuanlin Interchange-Beidou Interchange(out),&,YaL Int.-BeD Int.(out),\\,YaL Int.-BeD Int.(out)(122),YaL Int.-BeD Int.(out)(211-212),,員林交-北斗交(出)(211-212)
123,&,212-219,&,員林交-北斗交,&,Yuanlin Interchange-Beidou Interchange,&,YaL Int.-BeD Int.,\\,YaL Int.-BeD Int.(123),YaL Int.-BeD Int.(212-219),,員林交-北斗交(212-219)
124,&,219-220,&,員林交-北斗交(入),&,Yuanlin Interchange-Beidou Interchange(in),&,YaL Int.-BeD Int.(in),\\,YaL Int.-BeD Int.(in)(124),YaL Int.-BeD Int.(in)(219-220),,員林交-北斗交(入)(219-220)
125,&,220-221,&,北斗交-西螺服務區(出),&,Beidou Interchange-Xiluo Service Area(out),&,BeD Int.-XL S. A.(out),\\,BeD Int.-XL S. A.(out)(125),BeD Int.-XL S. A.(out)(220-221),,北斗交-西螺服務區(出)(220-221)
126,&,221-228,&,北斗交-西螺服務區,&,Beidou Interchange-Xiluo Service Area,&,BeD Int.-XL S. A.,\\,BeD Int.-XL S. A.(126),BeD Int.-XL S. A.(221-228),,北斗交-西螺服務區(221-228)
127,&,228-229,&,北斗交-西螺服務區(入),&,Beidou Interchange-Xiluo Service Area(in),&,BeD Int.-XL S. A.(in),\\,BeD Int.-XL S. A.(in)(127),BeD Int.-XL S. A.(in)(228-229),,北斗交-西螺服務區(入)(228-229)
128,&,229-230,&,西螺服務區-西螺交,&,Xiluo Service Area-Xiluo Interchange,&,XL S. A.-XL Int.,\\,XL S. A.-XL Int.(128),XL S. A.-XL Int.(229-230),,西螺服務區-西螺交(229-230)
129,&,230-231,&,西螺交-虎尾交(出),&,Xiluo Interchange-Huwei Interchange(out),&,XL Int.-HW Int.(out),\\,XL Int.-HW Int.(out)(129),XL Int.-HW Int.(out)(230-231),,西螺交-虎尾交(出)(230-231)
130,&,231-234,&,西螺交-虎尾交,&,Xiluo Interchange-Huwei Interchange,&,XL Int.-HW Int.,\\,XL Int.-HW Int.(130),XL Int.-HW Int.(231-234),,西螺交-虎尾交(231-234)
131,&,234-235,&,西螺交-虎尾交(入),&,Xiluo Interchange-Huwei Interchange(in),&,XL Int.-HW Int.(in),\\,XL Int.-HW Int.(in)(131),XL Int.-HW Int.(in)(234-235),,西螺交-虎尾交(入)(234-235)
132,&,235-236,&,虎尾交-斗南交(出),&,Huwei Interchange-Dounan Interchange(out),&,HW Int.-DN Int.(out),\\,HW Int.-DN Int.(out)(132),HW Int.-DN Int.(out)(235-236),,虎尾交-斗南交(出)(235-236)
133,&,236-239,&,虎尾交-斗南交,&,Huwei Interchange-Dounan Interchange,&,HW Int.-DN Int.,\\,HW Int.-DN Int.(133),HW Int.-DN Int.(236-239),,虎尾交-斗南交(236-239)
134,&,239-240,&,虎尾交-斗南交(入),&,Huwei Interchange-Dounan Interchange(in),&,HW Int.-DN Int.(in),\\,HW Int.-DN Int.(in)(134),HW Int.-DN Int.(in)(239-240),,虎尾交-斗南交(入)(239-240)
135,&,240-241,&,斗南交-雲林系統(出),&,Dounan Interchange-Yunlin Junction(out),&,DN Int.-YL Jun.(out),\\,DN Int.-YL Jun.(out)(135),DN Int.-YL Jun.(out)(240-241),,斗南交-雲林系統(出)(240-241)
136,&,241-242,&,斗南交-雲林系統,&,Dounan Interchange-Yunlin Junction,&,DN Int.-YL Jun.,\\,DN Int.-YL Jun.(136),DN Int.-YL Jun.(241-242),,斗南交-雲林系統(241-242)
137,&,242-243,&,斗南交-雲林系統(入),&,Dounan Interchange-Yunlin Junction(in),&,DN Int.-YL Jun.(in),\\,DN Int.-YL Jun.(in)(137),DN Int.-YL Jun.(in)(242-243),,斗南交-雲林系統(入)(242-243)
138,&,243-244,&,雲林系統 -大林交(出),&,Yunlin Junction-Dalin Interchange(out),&,YL Jun.-DL Int.(out),\\,YL Jun.-DL Int.(out)(138),YL Jun.-DL Int.(out)(243-244),,雲林系統 -大林交(出)(243-244)
139,&,244-249,&,雲林系統 -大林交,&,Yunlin Junction-Dalin Interchange,&,YL Jun.-DL Int.,\\,YL Jun.-DL Int.(139),YL Jun.-DL Int.(244-249),,雲林系統 -大林交(244-249)
140,&,249-250,&,雲林系統 -大林交(入),&,Yunlin Junction-Dalin Interchange(in),&,YL Jun.-DL Int.(in),\\,YL Jun.-DL Int.(in)(140),YL Jun.-DL Int.(in)(249-250),,雲林系統 -大林交(入)(249-250)
141,&,250-251,&,大林交 -民雄交 (出),&,Dalin Interchange-Minxiong Interchange(out),&,DL Int.-MX Int.(out),\\,DL Int.-MX Int.(out)(141),DL Int.-MX Int.(out)(250-251),,大林交 -民雄交 (出)(250-251)
142,&,251-256,&,大林交 -民雄交 ,&,Dalin Interchange-Minxiong Interchange,&,DL Int.-MX Int.,\\,DL Int.-MX Int.(142),DL Int.-MX Int.(251-256),,大林交 -民雄交 (251-256)
143,&,256-257,&,大林交 -民雄交 (入),&,Dalin Interchange-Minxiong Interchange(in),&,DL Int.-MX Int.(in),\\,DL Int.-MX Int.(in)(143),DL Int.-MX Int.(in)(256-257),,大林交 -民雄交 (入)(256-257)
144,&,257-258,&,民雄交 -嘉義交 (出),&,Minxiong Interchange-Jiayi Interchange(out),&,MX Int.-JY Int.(out),\\,MX Int.-JY Int.(out)(144),MX Int.-JY Int.(out)(257-258),,民雄交 -嘉義交 (出)(257-258)
145,&,258-263,&,民雄交 -嘉義交 ,&,Minxiong Interchange-Jiayi Interchange,&,MX Int.-JY Int.,\\,MX Int.-JY Int.(145),MX Int.-JY Int.(258-263),,民雄交 -嘉義交 (258-263)
146,&,263-264,&,民雄交 -嘉義交 (入),&,Minxiong Interchange-Jiayi Interchange(in),&,MX Int.-JY Int.(in),\\,MX Int.-JY Int.(in)(146),MX Int.-JY Int.(in)(263-264),,民雄交 -嘉義交 (入)(263-264)
147,&,264-265,&,嘉義交 -水上交(出),&,Jiayi Interchange-Shuishang Interchange(out),&,JY Int.-SS Int.(out),\\,JY Int.-SS Int.(out)(147),JY Int.-SS Int.(out)(264-265),,嘉義交 -水上交(出)(264-265)
148,&,265-269,&,嘉義交 -水上交(入),&,Jiayi Interchange-Shuishang Interchange(in),&,JY Int.-SS Int.(in),\\,JY Int.-SS Int.(in)(148),JY Int.-SS Int.(in)(265-269),,嘉義交 -水上交(入)(265-269)
149,&,269-270,&,嘉義交 -水上交 ,&,Jiayi Interchange-Shuishang Interchange,&,JY Int.-SS Int.,\\,JY Int.-SS Int.(149),JY Int.-SS Int.(269-270),,嘉義交 -水上交 (269-270)
150,&,270-271,&,水上交 -嘉義系統(出),&,Shuishang Interchange-Jiayi Junction(out),&,SS Int.-JY Jun.(out),\\,SS Int.-JY Jun.(out)(150),SS Int.-JY Jun.(out)(270-271),,水上交 -嘉義系統(出)(270-271)
151,&,271-272,&,水上交 -嘉義系統(入),&,Shuishang Interchange-Jiayi Junction(in),&,SS Int.-JY Jun.(in),\\,SS Int.-JY Jun.(in)(151),SS Int.-JY Jun.(in)(271-272),,水上交 -嘉義系統(入)(271-272)
152,&,272-273,&,嘉義系統 -新營服務區 (出),&,Jiayi Junction-Xinying Service Area(out),&,JY Jun.-XiY S. A.(out),\\,JY Jun.-XiY S. A.(out)(152),JY Jun.-XiY S. A.(out)(272-273),,嘉義系統 -新營服務區 (出)(272-273)
153,&,273-283,&,嘉義系統 -新營服務區 ,&,Jiayi Junction-Xinying Service Area,&,JY Jun.-XiY S. A.,\\,JY Jun.-XiY S. A.(153),JY Jun.-XiY S. A.(273-283),,嘉義系統 -新營服務區 (273-283)
154,&,283-284,&,嘉義系統 -新營服務區 (入),&,Jiayi Junction-Xinying Service Area(in),&,JY Jun.-XiY S. A.(in),\\,JY Jun.-XiY S. A.(in)(154),JY Jun.-XiY S. A.(in)(283-284),,嘉義系統 -新營服務區 (入)(283-284)
155,&,284-285,&,新營服務區 -新營交(出),&,Xinying Service Area-Xinying Interchange(out),&,XiY S. A.-XiY Int.(out),\\,XiY S. A.-XiY Int.(out)(155),XiY S. A.-XiY Int.(out)(284-285),,新營服務區 -新營交(出)(284-285)
156,&,285-287,&,新營服務區 -新營交,&,Xinying Service Area-Xinying Interchange,&,XiY S. A.-XiY Int.,\\,XiY S. A.-XiY Int.(156),XiY S. A.-XiY Int.(285-287),,新營服務區 -新營交(285-287)
157,&,287-288,&,新營服務區 -新營交(入),&,Xinying Service Area-Xinying Interchange(in),&,XiY S. A.-XiY Int.(in),\\,XiY S. A.-XiY Int.(in)(157),XiY S. A.-XiY Int.(in)(287-288),,新營服務區 -新營交(入)(287-288)
158,&,288-289,&,新營交 -下營系統(出),&,Xinying Interchange-Xiaying Junction(out),&,XiY Int.-XaY Jun.(out),\\,XiY Int.-XaY Jun.(out)(158),XiY Int.-XaY Jun.(out)(288-289),,新營交 -下營系統(出)(288-289)
159,&,289-298,&,新營交 -下營系統,&,Xinying Interchange-Xiaying Junction,&,XiY Int.-XaY Jun.,\\,XiY Int.-XaY Jun.(159),XiY Int.-XaY Jun.(289-298),,新營交 -下營系統(289-298)
160,&,298-299,&,新營交 -下營系統(入),&,Xinying Interchange-Xiaying Junction(in),&,XiY Int.-XaY Jun.(in),\\,XiY Int.-XaY Jun.(in)(160),XiY Int.-XaY Jun.(in)(298-299),,新營交 -下營系統(入)(298-299)
161,&,299-300,&,下營系統 -麻豆交(出),&,Xiaying Junction-Madou Interchange(out),&,XaY Jun.-MD Int.(out),\\,XaY Jun.-MD Int.(out)(161),XaY Jun.-MD Int.(out)(299-300),,下營系統 -麻豆交(出)(299-300)
162,&,300-302,&,下營系統 -麻豆交,&,Xiaying Junction-Madou Interchange,&,XaY Jun.-MD Int.,\\,XaY Jun.-MD Int.(162),XaY Jun.-MD Int.(300-302),,下營系統 -麻豆交(300-302)
163,&,302-303,&,下營系統 -麻豆交(入),&,Xiaying Junction-Madou Interchange(in),&,XaY Jun.-MD Int.(in),\\,XaY Jun.-MD Int.(in)(163),XaY Jun.-MD Int.(in)(302-303),,下營系統 -麻豆交(入)(302-303)
164,&,303-304,&,麻豆交 -安定交(出),&,Madou Interchange-Anding Interchange(out),&,MD Int.-AD Int.(out),\\,MD Int.-AD Int.(out)(164),MD Int.-AD Int.(out)(303-304),,麻豆交 -安定交(出)(303-304)
165,&,304-310,&,麻豆交 -安定交(入),&,Madou Interchange-Anding Interchange(in),&,MD Int.-AD Int.(in),\\,MD Int.-AD Int.(in)(165),MD Int.-AD Int.(in)(304-310),,麻豆交 -安定交(入)(304-310)
166,&,310-311,&,麻豆交 -安定交 ,&,Madou Interchange-Anding Interchange,&,MD Int.-AD Int.,\\,MD Int.-AD Int.(166),MD Int.-AD Int.(310-311),,麻豆交 -安定交 (310-311)
167,&,311-312,&,安定交 -台南系統(出),&,Anding Interchange-Tainan Junction(out),&,AD Int.-TN Jun.(out),\\,AD Int.-TN Jun.(out)(167),AD Int.-TN Jun.(out)(311-312),,安定交 -台南系統(出)(311-312)
168,&,312-314,&,安定交 -台南系統,&,Anding Interchange-Tainan Junction,&,AD Int.-TN Jun.,\\,AD Int.-TN Jun.(168),AD Int.-TN Jun.(312-314),,安定交 -台南系統(312-314)
169,&,314-315,&,安定交 -台南系統(入),&,Anding Interchange-Tainan Junction(in),&,AD Int.-TN Jun.(in),\\,AD Int.-TN Jun.(in)(169),AD Int.-TN Jun.(in)(314-315),,安定交 -台南系統(入)(314-315)
170,&,315-316,&,台南系統-永康交 (出),&,Tainan Junction-Yongkang Interchange(out),&,TN Jun.-YK Int.(out),\\,TN Jun.-YK Int.(out)(170),TN Jun.-YK Int.(out)(315-316),,台南系統-永康交 (出)(315-316)
171,&,316-318,&,台南系統-永康交 ,&,Tainan Junction-Yongkang Interchange,&,TN Jun.-YK Int.,\\,TN Jun.-YK Int.(171),TN Jun.-YK Int.(316-318),,台南系統-永康交 (316-318)
172,&,318-319,&,台南系統-永康交 (入),&,Tainan Junction-Yongkang Interchange(in),&,TN Jun.-YK Int.(in),\\,TN Jun.-YK Int.(in)(172),TN Jun.-YK Int.(in)(318-319),,台南系統-永康交 (入)(318-319)
173,&,319-320,&,永康交 -大灣交 (出),&,Yongkang Interchange-Dawan Interchange(out),&,YK Int.-DW Int.(out),\\,YK Int.-DW Int.(out)(173),YK Int.-DW Int.(out)(319-320),,永康交 -大灣交 (出)(319-320)
174,&,320-323,&,永康交 -大灣交 (入),&,Yongkang Interchange-Dawan Interchange(in),&,YK Int.-DW Int.(in),\\,YK Int.-DW Int.(in)(174),YK Int.-DW Int.(in)(320-323),,永康交 -大灣交 (入)(320-323)
175,&,323-324,&,永康交 -大灣交  ,&,Yongkang Interchange-Dawan Interchange,&,YK Int.-DW Int.,\\,YK Int.-DW Int.(175),YK Int.-DW Int.(323-324),,永康交 -大灣交  (323-324)
176,&,324-325,&,大灣交 -台南交(出),&,Dawan Interchange-Tainan Interchange(out),&,DW Int.-TN Int.(out),\\,DW Int.-TN Int.(out)(176),DW Int.-TN Int.(out)(324-325),,大灣交 -台南交(出)(324-325)
177,&,325-326,&,大灣交 -台南交,&,Dawan Interchange-Tainan Interchange,&,DW Int.-TN Int.,\\,DW Int.-TN Int.(177),DW Int.-TN Int.(325-326),,大灣交 -台南交(325-326)
178,&,326-327,&,大灣交 -台南交(入),&,Dawan Interchange-Tainan Interchange(in),&,DW Int.-TN Int.(in),\\,DW Int.-TN Int.(in)(178),DW Int.-TN Int.(in)(326-327),,大灣交 -台南交(入)(326-327)
179,&,327-328,&,台南交-仁德系統(出),&,Tainan Interchange-Rende Junction(out),&,TN Int.-RD Jun.(out),\\,TN Int.-RD Jun.(out)(179),TN Int.-RD Jun.(out)(327-328),,台南交-仁德系統(出)(327-328)
180,&,328-329,&,台南交-仁德系統,&,Tainan Interchange-Rende Junction,&,TN Int.-RD Jun.,\\,TN Int.-RD Jun.(180),TN Int.-RD Jun.(328-329),,台南交-仁德系統(328-329)
181,&,329-330,&,台南交-仁德系統(入),&,Tainan Interchange-Rende Junction(in),&,TN Int.-RD Jun.(in),\\,TN Int.-RD Jun.(in)(181),TN Int.-RD Jun.(in)(329-330),,台南交-仁德系統(入)(329-330)
182,&,330-331,&,仁德系統 -仁德服務區 (出),&,Rende Junction-Rende Service Area(out),&,RD Jun.-RD S. A.(out),\\,RD Jun.-RD S. A.(out)(182),RD Jun.-RD S. A.(out)(330-331),,仁德系統 -仁德服務區 (出)(330-331)
183,&,331-334,&,仁德系統 -仁德服務區 ,&,Rende Junction-Rende Service Area,&,RD Jun.-RD S. A.,\\,RD Jun.-RD S. A.(183),RD Jun.-RD S. A.(331-334),,仁德系統 -仁德服務區 (331-334)
184,&,334-335,&,仁德系統 -仁德服務區 (入),&,Rende Junction-Rende Service Area(in),&,RD Jun.-RD S. A.(in),\\,RD Jun.-RD S. A.(in)(184),RD Jun.-RD S. A.(in)(334-335),,仁德系統 -仁德服務區 (入)(334-335)
185,&,335-336,&,仁德服務區 -路竹交(出),&,Rende Service Area-Luzhu Interchange(out),&,RD S. A.-LZ Int.(out),\\,RD S. A.-LZ Int.(out)(185),RD S. A.-LZ Int.(out)(335-336),,仁德服務區 -路竹交(出)(335-336)
186,&,336-337,&,仁德服務區 -路竹交,&,Rende Service Area-Luzhu Interchange,&,RD S. A.-LZ Int.,\\,RD S. A.-LZ Int.(186),RD S. A.-LZ Int.(336-337),,仁德服務區 -路竹交(336-337)
187,&,337-338,&,仁德服務區 -路竹交(入),&,Rende Service Area-Luzhu Interchange(in),&,RD S. A.-LZ Int.(in),\\,RD S. A.-LZ Int.(in)(187),RD S. A.-LZ Int.(in)(337-338),,仁德服務區 -路竹交(入)(337-338)
188,&,338-339,&,路竹交 -高科交(出),&,Luzhu Interchange-Kaohsiung Science Park Interchange(out),&,LZ Int.-KHs S.P. Int.(out),\\,LZ Int.-KHs S.P. Int.(out)(188),LZ Int.-KHs S.P. Int.(out)(338-339),,路竹交 -高科交(出)(338-339)
189,&,339-341,&,路竹交 -高科交,&,Luzhu Interchange-Kaohsiung Science Park Interchange,&,LZ Int.-KHs S.P. Int.,\\,LZ Int.-KHs S.P. Int.(189),LZ Int.-KHs S.P. Int.(339-341),,路竹交 -高科交(339-341)
190,&,341-342,&,路竹交 -高科交(入),&,Luzhu Interchange-Kaohsiung Science Park Interchange(in),&,LZ Int.-KHs S.P. Int.(in),\\,LZ Int.-KHs S.P. Int.(in)(190),LZ Int.-KHs S.P. Int.(in)(341-342),,路竹交 -高科交(入)(341-342)
191,&,342-343,&,高科交-岡山交(出),&,Kaohsiung Science Park Interchange-Gangshan Interchange(out),&,KHs S.P. Int.-GS Int.(out),\\,KHs S.P. Int.-GS Int.(out)(191),KHs S.P. Int.-GS Int.(out)(342-343),,高科交-岡山交(出)(342-343)
192,&,343-348,&,高科交-岡山交,&,Kaohsiung Science Park Interchange-Gangshan Interchange,&,KHs S.P. Int.-GS Int.,\\,KHs S.P. Int.-GS Int.(192),KHs S.P. Int.-GS Int.(343-348),,高科交-岡山交(343-348)
193,&,348-349,&,高科交-岡山交(入),&,Kaohsiung Science Park Interchange-Gangshan Interchange(in),&,KHs S.P. Int.-GS Int.(in),\\,KHs S.P. Int.-GS Int.(in)(193),KHs S.P. Int.-GS Int.(in)(348-349),,高科交-岡山交(入)(348-349)
194,&,349-350,&,岡山交 -楠梓交(出),&,Gangshan Interchange-Nanzi Interchange(out),&,GS Int.-NZ Int.(out),\\,GS Int.-NZ Int.(out)(194),GS Int.-NZ Int.(out)(349-350),,岡山交 -楠梓交(出)(349-350)
195,&,350-355,&,岡山交 -楠梓交,&,Gangshan Interchange-Nanzi Interchange,&,GS Int.-NZ Int.,\\,GS Int.-NZ Int.(195),GS Int.-NZ Int.(350-355),,岡山交 -楠梓交(350-355)
196,&,355-356,&,岡山交 -楠梓交(入),&,Gangshan Interchange-Nanzi Interchange(in),&,GS Int.-NZ Int.(in),\\,GS Int.-NZ Int.(in)(196),GS Int.-NZ Int.(in)(355-356),,岡山交 -楠梓交(入)(355-356)
197,&,356-357,&,楠梓交 -鼎金系統(出),&,Nanzi Interchange-Dingjin Junction(out),&,NZ Int.-DG Jun.(out),\\,NZ Int.-DG Jun.(out)(197),NZ Int.-DG Jun.(out)(356-357),,楠梓交 -鼎金系統(出)(356-357)
198,&,357-361,&,楠梓交 -鼎金系統,&,Nanzi Interchange-Dingjin Junction,&,NZ Int.-DG Jun.,\\,NZ Int.-DG Jun.(198),NZ Int.-DG Jun.(357-361),,楠梓交 -鼎金系統(357-361)
199,&,361-362,&,楠梓交 -鼎金系統(入),&,Nanzi Interchange-Dingjin Junction(in),&,NZ Int.-DG Jun.(in),\\,NZ Int.-DG Jun.(in)(199),NZ Int.-DG Jun.(in)(361-362),,楠梓交 -鼎金系統(入)(361-362)
200,&,362-363,&,鼎金系統 -高雄交(出),&,Dingjin Junction-Kaohsiung Interchange(out),&,DG Jun.-KHs Int.(out),\\,DG Jun.-KHs Int.(out)(200),DG Jun.-KHs Int.(out)(362-363),,鼎金系統 -高雄交(出)(362-363)
201,&,363-366,&,鼎金系統 -高雄交,&,Dingjin Junction-Kaohsiung Interchange,&,DG Jun.-KHs Int.,\\,DG Jun.-KHs Int.(201),DG Jun.-KHs Int.(363-366),,鼎金系統 -高雄交(363-366)
202,&,366-367,&,鼎金系統 -高雄交(入),&,Dingjin Junction-Kaohsiung Interchange(in),&,DG Jun.-KHs Int.(in),\\,DG Jun.-KHs Int.(in)(202),DG Jun.-KHs Int.(in)(366-367),,鼎金系統 -高雄交(入)(366-367)
203,&,367-368,&,高雄交 -瑞隆路出匝道(出),&,Kaohsiung Interchange-Ruilong Rd. Off-ramp(out),&,KHs Int.-RL Rd. ramp(out),\\,KHs Int.-RL Rd. ramp(out)(203),KHs Int.-RL Rd. ramp(out)(367-368),,高雄交 -瑞隆路出匝道(出)(367-368)
204,&,368-369,&,高雄交 -瑞隆路出匝道(入),&,Kaohsiung Interchange-Ruilong Rd. Off-ramp(in),&,KHs Int.-RL Rd. ramp(in),\\,KHs Int.-RL Rd. ramp(in)(204),KHs Int.-RL Rd. ramp(in)(368-369),,高雄交 -瑞隆路出匝道(入)(368-369)
205,&,369-370,&,瑞隆路出匝道-五甲系統,&,Ruilong Rd. Off-ramp-Wujia Junction,&,RL Rd. ramp-WJ Jun.,\\,RL Rd. ramp-WJ Jun.(205),RL Rd. ramp-WJ Jun.(369-370),,瑞隆路出匝道-五甲系統(369-370)
206,&,370-371,&,五甲系統 -五甲交,&,Wujia Junction-Wujia Interchange,&,WJ Jun.-WJ Int.,\\,WJ Jun.-WJ Int.(206),WJ Jun.-WJ Int.(370-371),,五甲系統 -五甲交(370-371)
207,&,371-372,&,五甲交-高雄端 (小港機場),&,Wujia Interchange-Kaohsiung End(Kaohsiung Airport),&,WJ Int.-KHs End(KHs A.t),\\,WJ Int.-KHs End(KHs A.t)(207),WJ Int.-KHs End(KHs A.t)(371-372),,五甲交-高雄端 (小港機場)(371-372)
208,&,372-373,&,高雄端(小港機場) -高雄端(漁港路) ,&,Kaohsiung End(Kaohsiung Airport)-Kaohsiung End(Yugang Rd.),&,KHs End(KHs A.)-KHs End(YG Rd.),\\,KHs End(KHs A.)-KHs End(YG Rd.)(208),KHs End(KHs A.)-KHs End(YG Rd.)(372-373),,高雄端(小港機場) -高雄端(漁港路) (372-373)
209,&,373-374,&,高雄端(漁港路) -高雄端,&,Kaohsiung End(Yugang Rd.)-Kaohsiung End,&,KHs End(YG Rd.)-KHs End,\\,KHs End(YG Rd.)-KHs End(209),KHs End(YG Rd.)-KHs End(373-374),,高雄端(漁港路) -高雄端(373-374)
